company_id,company_name,raw_variants
afbfb16184e1b14168b76179f992614f,AI 药物研发平台,AI 药物研发平台）
dce659c4ea5855c441f5c8fc61bcbc0c,Allara,Allara（海外
9744b390a1beffbd77fce8dfb6213161,Arterys,Arterys（远程影像AI）
6013f2d1b3da4a9237e677b52350e0a8,Biotronik,Biotronik（外周支架）
563f5e4f9033365e50e1b59fe4b4e55a,BoldCare,BoldCare（海外
dde240605f10389f43be0fa51beb4459,Butterfly Network,Butterfly Network（掌上超声仪）
d89e3d7b65e43e62339694e1f81befe9,CGM 品类,CGM 品类）
fef2097566e007a45b27160dbad6ad72,Cerula Care,Cerula Care（海外
743e6b51a4afaa7da084d9dbda40f33e,Charco Neurotech,Charco Neurotech（CUE1神经调节设备）
ecf39461845cb8a6566fc71aac8ff1fa,ChatGeneT,ChatGeneT）
d03414085c13b1928e6d3dd6aada07d1,Complement 1,Complement 1（海外
61db47dac8aefe03fc67ee1b65ecd8f6,Coral,Coral（海外
166d1fa6d8ad5378b2622957fca17a7b,Daymark Health,Daymark Health（海外
0831beb3084156aee5b3646a045a1151,DeepMind,DeepMind（眼部疾病AI诊断）
264d9bb481d458fdda428e70a2bfe2dd,DeepSeek,DeepSeek（医疗大模型基础底座） | DeepSeek（通用开源模型）
1c54c724ed079f23fea9f2e66b7b5772,Dexcom,Dexcom（连续血糖监测系统）
d136a1b5f833dbbbac58061df6c83aa5,E 护通,E 护通（互联网 + 护理服务）
1ecb6941d8026d6818cdf2d4dc24afcd,Eargo,Eargo（智能助听设备）
8d7a8802e4838d350d1789575d0d3a0c,Eleos Health,Eleos Health（海外
c5c1de701fdd4680110c92a2bc684ef2,Enable Injections,Enable Injections（可穿戴给药设备enFuse）
6cdcb8b85b8f3ba7a93b735e8a9685d4,Epitel,Epitel（无线脑电图监测头戴设备）
286e97812c7768d9ff45cc955acea25a,Exscientia,Exscientia（AI药物设计平台）
605ab42dc70d13a48ea94df911eac87e,Fitbit,Fitbit（智能手环健康监测）
68462d853284baaf285533102f70a44a,GE医疗,GE医疗（AI-CT
7f0b51760800167e8ffee79ed3322fc9,Glytec,Glytec（AI胰岛素剂量推荐）
cb1aaf4e4d75eb990f5427a9fb3aac53,Hims & Hers,Hims & Hers（海外
d5b823ead0a073a058277fd2b4680ed5,Hims & Hers Health,Hims & Hers Health（DTC远程医疗与药品配送） | Hims & Hers Health（GLP-1减肥方案） | Hims & Hers Health（心理健康服务）
a4b4c67ae1462621c26a9b2dfa229392,Hinge Health,Hinge Health（海外
4aa69e538608c5f5accc198ea17b5122,Hone Health,Hone Health（海外
bba30c5260a5dbc099900ad5947c7914,Illumina,Illumina（基因测序仪）
ba4131c82a06bf08d543e59c37c0f08a,Inne,Inne（医药电商 B2C - 保健品销售）
0f292c01886e30a40584913668eeefb5,Itamar Medical,Itamar Medical（睡眠呼吸暂停监测设备WatchPAT）
f96a6a56cfd5d129d14169eb16831252,Little Otter,Little Otter（海外
80ebf0193c02cd25d62535b97360d968,MRI系统,MRI系统）
dd046500c4f1d05b3324aaa5ffe33351,Marble Health,Marble Health（海外
80fe12ac7cfdfa51d8322776a625dc60,Medplus AI,Medplus AI（AI 医疗应用）
3d3f85305a282886c2ed84460784547c,MyWay Digital Health,MyWay Digital Health（海外
ed2d0a6275c42ee650462439c2b212fd,Nest Health,Nest Health（海外
21e789dc711108c961a9b11d333f9c41,Neura Health,Neura Health（神经
2809151cf98a4790f01475d5aaf41318,Neuralink,Neuralink（海外）
7569bdc3f3a9eb27cfc2fcd6403be869,NeuroSigma,NeuroSigma（TNS神经调节疗法）
fc5ba9b49d3a83600442882ccdf13b85,Numan,Numan（海外
5e5a8a11fee6a7af7c4cab4c96d6039a,Omada Health,Omada Health（海外
e5a6161e4c469602948942c180eee304,Otolith Labs,Otolith Labs（眩晕治疗设备）
bc3be85ff352e383137e09758e1cf592,PathAI,PathAI（病理AI分析）
52e419fde120947b4407e60679e6d5bf,Posterity Health,Posterity Health（海外
897a6db752a1a3c5010dc5a07cef61a4,Prickly Pear,Prickly Pear（海外
65d20a00fa301c0d35c3040157c30712,Proscia,Proscia（数字病理平台）
3a8896454710363f552ea192d1a1b733,RadNet,RadNet（远程影像）
a67fbac98d6e515e3d9763dbd14a05d8,Razz,Razz（海外
12fa464a36f8e5a187f5acfde99b7029,Recursion,Recursion（AI制药平台）
7bfb5cf7892e55e780484c6313618258,RxMen,RxMen（海外
e290b7cb31ebca37ede84a4eb0f620ae,Schr?dinger,Schr?dinger（计算模拟平台）
d1f710c3d1f6ff1a05697857a7fc148a,Sevaro,Sevaro（远程神经
8c62091d0ca021b8dfc647cb9bda8bf4,Sprinter Health,Sprinter Health（海外
97f3c18e278f544bd60ddcc5cf8d9dc7,Steadiwear,Steadiwear（智能手套用于帕金森氏症）
d522905d0c84badaaa2db0962052aa17,Straub Medical,Straub Medical（外周旋切导管）
3f18d1caabdf43260a22987b72168264,Strive Health,Strive Health（肾科
31b4dd341b0bfd1f0cc303ceaa682f98,Synchron,Synchron（海外）
7f87e336614d02d73e7dd147163a733d,Systole Health,Systole Health（海外
9cf66dae4671b4ad462943b7e37f9170,Teladoc,Teladoc（海外
af52f3500296e93514dad0d4f7bf7eab,Teladoc Health,Teladoc Health（远程医疗平台） | Teladoc Health（远程综合管理平台）
f5ce09db59097c8917f12418eb39cf00,Tempus AI,Tempus AI（数据服务与临床试验匹配）
a0a7e7a36b5f07193fc8caec3ca93c16,Thyme Care,Thyme Care（海外
6da792ceb1b8b2f0479fbc47a4ad0eea,Twentyeight,Twentyeight（海外
888009e49fbf3a3a1e11e747806945fc,U 护,U 护（互联网 + 护理服务）
758f4ee9a3491d40813b06df9aa3ec03,Unmind,Unmind（海外
03cf33c84c86fab3b45a3e29c509e152,Verily,Verily（Onduo糖尿病管理） | Verily（Onduo高血压管理）
40a164bb23f44ac11dfe64bb5e62891d,Visana,Visana（海外
d497bf0eab5880fffb3dd0353190bcc9,WellTheory,WellTheory（自身免疫
9e3f57a734f62f810af2c9e92b42c71d,Welldoc,Welldoc（BlueStar AI慢病管理APP）
e661dcdf827113b2443d42df57ffcd41,Wellgistics Health,Wellgistics Health（医药跨境供应链）
13c430fb0c3d959b3f703823e36bff38,Woebot,Woebot（AI心理咨询）
533209950d2f4a48c09535b2c5510f06,WonderLab,WonderLab（医药电商 B2C - 保健品销售） | WonderLab（医药电商 O2O - 保健品销售）
2a9957911b891a309614ca957b53cb95,Zest Health,Zest Health（皮肤
d3181d71f4a605005af1ba34defa8df7,Zynex Medical,Zynex Medical（疼痛管理及康复可穿戴设备）
47446c56a9024e1b8ac4a5e6d78dda70,e 护在线,e 护在线（互联网 + 护理服务）
0e70d1c53da9c2a79f0d73d3dada43fe,eMed Population Health,eMed Population Health（海外
ad6ad1b8eccbce1e29b960b93195cb72,i 云保,i 云保（保险科技平台
3e179aa1739b5bce0764091c90cbc901,iRhythm,iRhythm（心律监测贴片）
312403e7511b1a0466f5fc96a6aea98f,iRhythm Technologies,iRhythm Technologies（可穿戴心电监测）
d03eb7a58d7e9bbc25291a228a172fbe,一临云,一临云（临床试验数据智能处理） | 一临云（智能化临床研究解决方案）
c4f8b5448d06ddda0f8c634f4d425e48,一心堂,一心堂（医药电商 O2O - 药品销售） | 一心堂（连锁药店 O2O） | 一心堂（连锁药店）
36a61394870813830b9383b9106fc613,一脉阳光,一脉阳光（影像中心）
0d99831f1143961ad35d4c276fbb142c,万东医疗,万东医疗（万里云AI影像平台） | 万东医疗（万里云） | 万东医疗（搭载AI的影像设备） | 万东医疗（远程影像）
4e4779d3c946ba0dc4e878ca2a82a038,万欣和,万欣和（健康险产品
3e80895783c6f8e6b4568b74bf5fdda7,万达信息,万达信息（AI+医疗应用生态） | 万达信息（卫生健康行业生态大模型）
cc1c4b62dffc307c1f23d57ba91389d0,三星,三星（智能手表体温监测）
6c542dfad3e50040a148300d94fe6462,三星财险,三星财险（健康险产品
b0823561f46f6c2121eb995ceb81dea4,三生制药,三生制药（双特异性抗体） | 三生制药（重组蛋白）
3898997ebb08c6affa158f767476437d,三诺生物,三诺生物（CGM） | 三诺生物（SinoGPT慢病管理） | 三诺生物（SinoGPT血糖管理） | 三诺生物（智能终端）
fc7f642cb4e93aa7b78e126d57707ca3,上海存济口腔,上海存济口腔（口腔诊所连锁）
2061c8ce5e616949ce5c0c2efe76586f,上海莱士,上海莱士（凝血因子）
bf28133aa8589df5de866d247daaf0ac,上药集团,上药集团（医药配送）
427bc3d5d752745fbd6e497e23f60b14,上门检测,上门检测）
9ed0a980feeba6ac054fda58a05db190,专科辅诊,专科辅诊）
e80fd816b2cc6545d5d145fb8c2d57dc,东富龙,东富龙（制药装备）
9ee4abbc3709fa89e03b0b2e0163b054,东蔓医疗,东蔓医疗（智能肿瘤辅助决策系统）
238c7ea63c6cd1a2aa3f8225d1db8d73,东软医疗,东软医疗（高端CT）
4bb12ee58f3d2e34ebfc0535168535bf,东软医疗 Neusoft,东软医疗 Neusoft（DSA） | 东软医疗 Neusoft（MR）
267e975723093b45e5eaa2062bc07403,东软集团,东软集团（NeuAI平台） | 东软集团（医保可信数据空间） | 东软集团（医保基金AI智能监管）
b0ec25ac5601c54bb52b2bcbef30dbef,东阿阿胶,东阿阿胶（药企线上渠道合作）
9db0e5d82fe0d37dedcb75ee266f77ed,中医诊所连锁,中医诊所连锁）
c152240bdfc450af17e0561f88b396cf,中国人寿,中国人寿（健康险产品
83bcd130ce2e74da8b6d50d416c0cd37,中国大地保险,中国大地保险（健康险产品
5586925d9f56719254da3fa15de12960,中国生物制药,中国生物制药（改良型新药）
99bcf99345f1719c265c3cad4b34cdfa,中润康美,中润康美（第三方消毒供应）
04224f1befff2c7e6b4a920de879fe3e,中电云脑,中电云脑 | 中电云脑（非侵入式脑机智能头环）
c7391dddb37d051d6cfb195db3dece12,中科益安医疗科技,中科益安医疗科技（北京）股份有限公司（雷帕霉素药物洗脱冠状动脉支架系统）
5de2a9e7bb3d6e05f61afad834ca0b83,乐柠医疗,乐柠医疗（监护设备）
1aecfb41b977c7b1466f112319ffc4b0,乐荐健康,乐荐健康 | 乐荐健康（AI慢病管理） | 乐荐健康（企业职工健康管理） | 乐荐健康（体重管理项目） | 乐荐健康（可穿戴设备数据融合） | 乐荐健康（天瑞启元医疗大模型） | 乐荐健康（新一代AI健康医疗服务平台） | 乐荐健康（智能居家健康照护）
5a7ce77d4a9f07c28c59c282e5262ff3,九州优护,九州优护（互联网 + 护理服务）
e8ddcc0631ab62a66df38205bc707f96,九洲药业,九洲药业（高端原料药）
57e5692f7c41cd8bf0b64a070d5024e8,九芝堂,九芝堂（多肽原料药）
11ce9e3a983196ef3ee0a096e134c95d,云南白药,云南白药（抗肿瘤辅助类）
060b096b994221c5687ab62c03924d55,云知声,云知声（病历语音输入
0526dc6c8e07774778e70890dd6ebe3d,云顶新耀,云顶新耀（体内 CAR-T）
4d85ba2a205c812fab63ea6e7d607063,五个女博士,五个女博士（医药电商 B2C - 保健品销售）
ee4c5683eb366fb5981edfeb666b7a33,京东健康,京东健康（AI 京医系列） | 京东健康（AI医院） | 京东健康（AI药师小方） | 京东健康（AI药房） | 京东健康（LOT+AI+医疗服务血糖管理） | 京东健康（互联网医院） | 京东健康（京东卓医全场景应用） | 京东健康（京医千询2.0） | 京东健康（减重管理） | 京东健康（医药即时零售平台） | 京东健康（医药电商 B2C - 医疗器械销售 | 京东健康（医药电商 B2C - 药品销售） | 京东健康（护士到家） | 京东健康（联名款CGM产品）
f4bc1fe4a91f04b297e71521d6c26d14,京东秒送,京东秒送（医药即时零售平台） | 京东秒送（医药电商 O2O - 药品销售）
19f14fb5c437df60ff100200d21123af,仁护生,仁护生（第三方消毒供应）
04bc54f9aedfb4f63b53f86040b712c5,以岭药业,以岭药业（呼吸系统类）
d4b54b88c4c8760a0d1bf4dc42c3cc79,众安保险,众安保险（健康险产品 | 众安保险（联合营销）
de71ba9460cd09021f33a0c77b0534c9,伟思医疗,伟思医疗 | 伟思医疗（经颅磁刺激仪） | 伟思医疗（脑机接口康复设备）
45e223511c11b3973b1fc5aca719de08,何氏眼科,何氏眼科（综合眼科集团）
55723fb9f22f0f5a585f8e3fa59292e3,佰泽医疗,佰泽医疗（肿瘤专科医院）
ef3b47448f03b86268790996c9a5657e,保诺?桑迪亚,保诺?桑迪亚（AI 平台用于联合疗法开发）
f66b04b050c0f67ecb7fed4a91c27855,保险科技平台,保险科技平台
9c58d0d96cd39030c728ef8645577f0c,信华生物,信华生物（AI 驱动的大分子药物）
52cecb27b14d7b47dfb0d80465a4afbe,信达生物,信达生物（AI 平台合作研发） | 信达生物（PD-1 单抗） | 信达生物（药企线上渠道合作）
fe44c91a25ce95a2ae1f2daa439952d9,倍华生物,倍华生物（AI 驱动的大分子药物）
7667c0c9131af01023d4ba8408205a80,健之佳,健之佳（中医诊所连锁） | 健之佳（中医诊所） | 健之佳（医药电商 O2O - 药品销售） | 健之佳（连锁药店 O2O） | 健之佳（连锁药店）
6f7979d8193286eb2a5cb06e425a58c5,健安喜,健安喜（医药电商 B2C - 保健品销售）
5f0d5e2e7ef6524b850bba1b2a1ede1b,健康 160,健康 160（互联网医院）
7400de3ed5b916705dae8aea0ddb5f71,健康管理,健康管理）
1a2aef64919fc12929265c4206d033e0,健造医疗,健造医疗（经导管主动脉瓣膜系统）
398c9ed3e943495b04468b9af2f30393,元保保险经纪,元保保险经纪（保险科技平台
59927af2a94f6fe4c303ffd88d395dc0,先为达生物,先为达生物（减重领域小分子药）
50e6befa03110cddf0b2cf877a67d458,光正眼科,光正眼科（综合眼科集团）
6e6a5b1c1ca2aea875342ce77c7d6ed5,全亿健康,全亿健康（连锁药店）
41716f87c3755bab459a2cbc7219e60c,公司,公司）
520ab8a9299175260dba1fcb26520370,养天和,养天和（连锁药店）
693c009245214a715e1b804d0d8d6a3d,养能健,养能健（医药电商 B2C - 保健品销售）
111b1eab8b4206a3bb3eefde51b9353c,再鼎医药,再鼎医药（License-in 创新管线）
d2f791cd65fe8c26ee7d3a0bbabac418,冰洲石生物,冰洲石生物（AI 辅助临床试验设计）
3675f3a32de054346c1175a7181971ac,减重管理,减重管理）
22513f2e6beb493cf9bc9e07eeafa766,创业慧康,创业慧康（BsoftGPT平台与MedCopilot智慧医疗助手） | 创业慧康（智能患者追踪系统APTS）
8cd5010f3640b7e83bbd2c3eba02b36d,创新医疗,创新医疗
5205c2e4fdb339d058e26b7cfa7f7e87,利保,利保（健康险产品
971cfa3f8131f437cf67c2d244f77e93,剂泰医药,剂泰医药（AI 药物递送平台） | 剂泰医药（AI 驱动的药物选择平台）
f321f8ef0558b79ff79cddb6be061d47,力声特,力声特（人工耳蜗）
e0ce281c72f97cf79e703b5e08b9f10a,劲方医药,劲方医药（肿瘤靶向小分子药）
bc836937a2679b7523f64f700afd5817,北京同仁堂,北京同仁堂（中医诊所）
d3cf0a1e03a59417e8f9dc97f3174bc2,北京白塔寺药店,北京白塔寺药店（中医诊所连锁）
5d6593b4b783afd98bb66801fb13f1f0,北电数智,北电数智
fbd4111769433224a2b56ac43dd11152,医准智能,医准智能
399113f3acdaff58b34e76cf82b7e596,医护兔,医护兔（互联网 + 护理服务）
6375d41efca4ad15c142eba7eb74331c,医护到家,医护到家（互联网 + 护理服务）
17d831567fd8dccaf5550aa9f389b790,医智方舟,医智方舟）
5cf2456440718b644849d7ad3024f894,医渡科技,医渡科技 | 医渡科技（AI中台与专病智能体） | 医渡科技（YiduCore AI医疗大脑） | 医渡科技（传染病预警 | 医渡科技（区域数据治理） | 医渡科技（城市健康医疗大数据平台） | 医渡科技（政府智慧化监管决策） | 医渡科技（私人健康顾问“医渡健康”） | 医渡科技（肝癌诊疗智能体）
2e4fe10fb94a28dbcfcc5c9c1c3326bf,医策科技,医策科技（灵眸病理辅助诊断产品）
a56587b7e129bb1fa4e8c25f7494e958,医联,医联（肾病管理）
71029138ff087e80d7c8dcf570bbc414,医联集团,医联集团（MedGPT | 医联集团（互联网医院）
414db1112dc3db5fe4a23c20c1688aa5,医药即时零售平台,医药即时零售平台）
d63e7ea059dc68e97e2ef16531e47e6c,华为,华为（可穿戴设备） | 华为（智能手环健康监测） | 华为（智能手表血压监测） | 华为（盘古辅助药物设计平台）
cdb9cd6229bb0a24fbef147d4af077e7,华为云盘古大模型,华为云盘古大模型（润达医疗合作）
d560d5c29b2e16dbf280147dfce05784,华人健康,华人健康（医药电商 O2O - 药品销售） | 华人健康（连锁药店 O2O） | 华人健康（连锁药店）
f188c7e690bf9b885c4e978e58942923,华兰生物,华兰生物（人血白蛋白）
79a4f36933eacbb28249d6843e0ab698,华厦眼科,华厦眼科（综合眼科集团）
3813703f1401c176bccbc1ed2ee7ab0f,华大基因,华大基因（GeneT
523c301ba17231ee75ffd3b00b01b71b,华大智造,华大智造（基因测序仪） | 华大智造（实验室自动化）
5bc1ba285ca01627339bed60dbc2d82b,华海药业,华海药业（特色原料药）
30c531e90b92f65fb63ac94711ea3dcc,华润三九,华润三九（破壁饮片）
d10d425653580997d2d2a94e9eb7678e,华润医药,华润医药（医药配送）
f1a17939393193af72036a3769c2a7f4,华科精准,华科精准（手术计划软件）
66ec268f1db5db4db5d09ba7ce3d6426,华米,华米（Amazfit智能手表健康监测）
a7e9ebe937dd578674edd7187fefc5e1,华赛伯曼,华赛伯曼（TIL 疗法）
0efe0df2dbd7124696a52ddab759a2dc,协同饿了么,协同饿了么）
567ced77ca9275c8e5f2a97cefa67ed8,南大菲特,南大菲特（三师共管大模型-慢病管理）
b627329ed3c55f076c95ea7d1968ae84,南岳生物制药,南岳生物制药（血液制品）
38704a872a2e38e9f971c589d02a2ce9,博睿康,博睿康（NEO无线微创脑机接口） | 博睿康（NEO系统）
5443e6c05397911dd9efb8209423fc6d,博雅辑因,博雅辑因（基因编辑）
c7a12bc676c9a303cb7549d8da8fa7f4,卡尔史托斯 KARL STORZ,卡尔史托斯 KARL STORZ（医用内窥镜）
f30e3376cfe139adae280c576cbbf2f5,卫宁健康,卫宁健康（CDSS） | 卫宁健康（WiNGPT与病历生成） | 卫宁健康（WiNGPT医疗大模型与WiNEX Copilot医生助手）
ea0bd6a47ba5fa93c2c39fe1b999ef63,又为智能,又为智能（AI助听器）
c79d9d6794696f9d36e9d1de25fcf98d,叮当快药,叮当快药（连锁药店 O2O） | 叮当快药（连锁药店）
e660e1a1da338ae590ca2812e9185ea6,可孚医疗,可孚医疗（助听器） | 可孚医疗（医药电商 B2C - 医疗器械销售） | 可孚医疗（医药电商 O2O - 医疗器械销售） | 可孚医疗（呼吸机） | 可孚医疗（家用呼吸机）
6b58bd79d6882edcc0f38c834719ea20,合源医疗,合源医疗（除颤器）
d08fe3be7846c9aee03cee72685b00b7,吉启医疗,吉启医疗（一次性神经导管）
1cf55259453338f4f6d3e175ff06ac65,同仁堂,同仁堂（中医诊所连锁） | 同仁堂（传统饮片） | 同仁堂（医药电商 B2C - 保健品销售）
1aa3e15561e841333d2d2126eadb46df,君赛生物,君赛生物（TIL 疗法）
e7c5a7012930837352522f60875058a4,君龙人寿,君龙人寿（合作健康险产品
5fa6163b4b77cb90d0c4c25e87a3c7ad,启函生物,启函生物（通用型 CAR-T）
f1ca262df10d75a165aaca53c8be4947,呼吸机,呼吸机）
173d4251af57d13b9c826a42f0a96d32,呼贝口腔,呼贝口腔（口腔诊所连锁）
bd3bf8d5cfae678d110cc2148362e3e3,和铂医药,和铂医药（双特异性抗体）
ac3752086da559c9d19ea678e8cb52bb,品驰,品驰（脑起搏器）
7f79d3291ffb4d6096246907d303dfab,嘉和美康,嘉和美康（CDSS） | 嘉和美康（V7智能电子病历平台与病历内涵质控） | 嘉和美康（医疗临床“AI助手”与智能电子病历平台） | 嘉和美康（智能电子病历与内涵质控）
6d19b14c8fd90caa0f6c36b681f2e231,嘉思特医疗器材,嘉思特医疗器材（天津）股份有限公司（生物型膝关节假体系统）
d70b75ccf56d2d7a0d6a19a7a03483e4,四川迈克医疗,四川迈克医疗（免疫诊断试剂）
c942c284072aedd40aaedc7a4f15383b,固生堂,固生堂（中医诊所连锁）
7877d90981a67bc8f3882e3f0c3de09a,国大药房,国大药房（连锁药店）
83da4edbd3c407130a1396ac9e99c064,国济尚领,国济尚领（第三方消毒供应）
c5295db98b1e2b6f10e91cfb576076f9,国药控股,国药控股（医药配送）
8438a8711933c40674ca2c5d3246804e,国药控股 SPS+,国药控股 SPS+（DTP 药房
e134d2fe340e36667c82c60c9f646828,圆心科技,圆心科技 | 圆心科技（AI全程陪诊） | 圆心科技（AI客户管家 | 圆心科技（为药企提供患者管理服务） | 圆心科技（全周期疾病管理） | 圆心科技（圆心惠保 | 圆心科技（圆心药房智能管理体系） | 圆心科技（患者教育） | 圆心科技（药师助手）
33e65a4d81f064439df0f4729635c9b5,圣贝拉,圣贝拉（产后中心
08a984aee8641cae8e8b2c6425172f7a,垂直眼视光,垂直眼视光
daeeb34fa583081416b99426ed271d08,埃格林医药,埃格林医药（AI + 神经免疫疗法） | 埃格林医药（AI 平台授权） | 埃格林医药（AI 驱动的口服小分子药物） | 埃格林医药（AI 驱动的神经免疫疗法） | 埃格林医药（自免领域小分子药）
ec1f1d202196b12eb9781523bf096cc6,复星凯特,复星凯特（CAR-T）
3caf420ad6bc0be474b8feec80e6cd05,大众口腔,大众口腔（口腔诊所连锁）
6bb1de38500bcc28f620c111230de552,大参林,大参林（医美服务） | 大参林（医美诊所 | 大参林（医药电商 O2O - 药品销售） | 大参林（连锁药店 O2O） | 大参林（连锁药店）
3420a7817329ba3e707ce6914571cd3c,天华净,天华净（第三方消毒供应）
2b128b0f3989589f10fcc3d5c01c6415,天坛生物,天坛生物（免疫球蛋白）
fe90cd2c5df7edd303c751457474795b,天智航,天智航（骨科手术机器人）
5d40f094e06a778e655629e5b98d72a5,天猫健康,天猫健康（医药电商 B2C - 药品销售）
28430dab5c0fbf6aa7aa9dd139749dd1,太美医疗科技,太美医疗科技（文思智能平台-临床试验赋能） | 太美医疗科技（文思智能平台-医药代表培训与内容营销）
7565aef961fc44b82da993bda6f0ad35,奥朋医疗,奥朋医疗（血管介入手术机器人）
654bff1a1d3dda9aa55bcf2c82952a3d,奥林巴斯 OLYMPUS,奥林巴斯 OLYMPUS（医用内窥镜）
de286cb994e4f4cf4952985c15b3be27,奥瑞科技,奥瑞科技（高端CT核心部件）
1d489f68115c2025aa0177503139b4cb,女性健康管理,女性健康管理）
13b5f816293688fcdaba1208a840b745,好大夫在线,好大夫在线（互联网医院）
da4b497d4fb21a3797a667e848f28c73,好心情,好心情（精神
0cc3ec11eed0cd6f8bc5fb681e33f652,妙小护,妙小护（互联网 + 护理服务）
d92cfee8aeb6f7b89a97e6003ed9b994,安保医疗 Amoul,安保医疗 Amoul（呼吸机）
e68bd74594b5dea6bf41ee7b633e5f3f,安特速医疗,安特速医疗（第三方消毒供应）
bb09aadba3710cba6c7d556a1cde0c7d,安联人寿,安联人寿（健康险产品
b1e4a19c85a148a354fe7dfb2159df23,宝莱特 BLT,宝莱特 BLT（监护设备）
cfcc1791b8d035b18656aca9c15599d7,富士 FUJIFILM,富士 FUJIFILM（医用内窥镜）
de86d1d822811bf6cb8840c21936edfb,小护士门,小护士门（互联网 + 护理服务）
e1f61fc1284904114b6a630626144793,小药药,小药药（医药电商 B2B）
74db338fbb6a2bb6e16a997c733ac4fd,少儿眼科,少儿眼科）
4ef93d84805d4382c5a613da45c36fbf,居家养老服务,居家养老服务）
67ce69b95cb8b99930fd48f65b34f651,居家护理,居家护理
b5839b46beb16efcda0e631b79a635d3,平安健康,平安健康（互联网医院） | 平安健康（减重管理） | 平安健康（平安芯医 +“7+N+1” 医疗 AI 产品体系） | 平安健康（检测）中心（体检中心
bfd12b1b21f25159df2fab7c9d439a96,平安健康险,平安健康险（健康险产品
760d05415053175623af5428fa7db57e,平安好医生,平安好医生 | 平安好医生（7+N+1医疗AI产品体系） | 平安好医生（AI养老管家 | 平安好医生（AI家庭医生） | 平安好医生（AI慢病管理师） | 平安好医生（保险+医养会员） | 平安好医生（健康保障委托+会员制健康管理） | 平安好医生（到线服务核心） | 平安好医生（平安医博通大模型） | 平安好医生（平安医博通）
621f81ef8c55133cf585d0bb04d1cc0e,应和脑科学,应和脑科学（介入式脑支架电极）
e44203320f619d9821b70b20fc80c7fd,康希诺,康希诺（新冠疫苗）
4973afdb1f5249f60d4061678d46cf7e,康方生物,康方生物（双特异性抗体）
2256bb268de8f83c0e15d5fe504e924c,康缘药业,康缘药业（配方颗粒）
80d3174269c99cadcf803157bb026689,康诺思腾,康诺思腾（创新型手术机器人）
5267f30572db714a295a4c61b9a3c0d6,康龙化成,康龙化成（实验室服务与 CMC）
2f6a9d9e093987e1027e10ac9430c883,开立 SonoScape,开立 SonoScape（医用内窥镜） | 开立 SonoScape（高端超声）
2da4e2ea4761ff5a71b8bb995697f74e,强脑科技,强脑科技 | 强脑科技（产品矩阵） | 强脑科技（开星果社交沟通训练系统） | 强脑科技（智能仿生手 | 强脑科技（深海豚安睡仪） | 强脑科技（神经疾病辅助治疗）
bca6e1d88f7bbf398c619fb88064b7ab,归创通桥,归创通桥（凤凰颅内动脉瘤栓塞弹簧圈） | 归创通桥（弹簧圈微导管 | 归创通桥（神经血管导丝） | 归创通桥（蛟龙取栓支架） | 归创通桥（覆膜支架） | 归创通桥（远端通路导引导管 | 归创通桥（颅内狭窄扩张支架 | 归创通桥（颅内血栓抽吸导管） | 归创通桥（麒麟血流导向装置）
7b962f4e51ee7d963981baac16ae66f3,微创机器人,微创机器人（腔镜手术机器人） | 微创机器人（血管介入手术机器人） | 微创机器人（骨科手术机器人）
8de30b38d1272718ae170578fba1779f,微创脑科学,微创脑科学（NUMEN弹簧圈） | 微创脑科学（Neurohawke取栓支架） | 微创脑科学（Tubridge密网支架） | 微创脑科学（微导管） | 微创脑科学（抽吸导管） | 微创脑科学（远端导管）
bf9250eeebac85b714d16e08f20b584b,微医,微医（互联网医院）
e3ae3351a498704b5f9e82f28129a67f,微医控股,微医控股
eb0871a90a4826078fa293e12fcb2bd8,微护,微护（互联网 + 护理服务）
94add57a2f0bcaf3095066265ef648e4,微灵医疗,微灵医疗（定制化植入式脑机接口平台）
0a8ab1655bc1c208e937610446c851f4,微脉,微脉（AI全病程管理） | 微脉（CareAI） | 微脉（互联网医院） | 微脉（全病程管理）
40a56784bea5952fe0869074381de844,微软,微软（AI辅助药物研发与临床试验加速） | 微软（个性化与预防性医疗支持） | 微软（临床文档自动化生成与总结） | 微软（价值导向型医疗生态系统构建） | 微软（医学影像AI分析支持） | 微软（可信与负责任的人工智能平台） | 微软（后台理赔自动化处理与计费优化） | 微软（虚拟健康助手与远程患者监护）
ff3d6878e59d5bec1cbb782f343edee7,德尔格医疗 Drager,德尔格医疗 Drager（呼吸机） | 德尔格医疗 Drager（麻醉机）
196f58edac59325349bf052646f8b12e,德康医疗,德康医疗（CGM）
8ed30df11f53aea510bc1dfe4ce6a4fc,德睿智药,德睿智药（AI 药物设计）
12d4c7bc16ad010036eca7f9c90dda83,德视佳眼科,德视佳眼科（综合眼科集团）
7017f93c90baa8111bc2a90f226021c7,德适生物,德适生物
78159ce2e8957890bcdbbe297a8cf230,心率监测,心率监测）
f46e0f4641fa6f9523ceb8d25e6c715e,心玮医疗,心玮医疗 | 心玮医疗（介入式脑机接口产品） | 心玮医疗（微导管） | 心玮医疗（神经血管导丝） | 心玮医疗（血栓抽吸导管） | 心玮医疗（远端通路导管） | 心玮医疗（颅内取栓支架）
16f9012958c407cd55d2e0af7f5c7e68,心理健康管理,心理健康管理）
f32c0a2a4993cb5a8a4486656eff1184,快手,快手（医药即时零售平台）
cc4ade90808d7914d7b89ba25c8ce91c,思哲睿,思哲睿（腔镜手术机器人）
c03c8c88c65e7b255bd579aef83101c8,思派健康,思派健康（DTP 药房
840dd7f97d8b4f6f09b62a65c8965818,怡和嘉业,怡和嘉业（呼吸健康设备）
bfa20baee84fab82502658e03d1641ea,恒光控股,恒光控股（保险科技平台
590cc5b3b9f4be619401442d0b03d9b9,恒瑞医药,恒瑞医药（创新小分子药） | 恒瑞医药（单克隆抗体）
388f1ae678a470962c68ba59acdaad50,惠每科技,惠每科技（CDSS）
deccbf0117375783dbbafadf45cd154a,慢性肾病综合管理大模型,慢性肾病综合管理大模型）
f10dc922b287bba54a63742d3124534b,慢病管理体系,慢病管理体系）
67b3ab6b5b3681e97f8f4fd6242d9f77,戈尔集团,戈尔集团（外周覆膜支架）
0ad4a7ce0c4833ca2624b02eb1f89631,成都市第一人民医院,成都市第一人民医院（DeepSeek远程诊疗应用）
942f81ab3979400b5a8ca748b27abdf0,手回科技,手回科技（保险科技平台
277a984f92b56b82a2bbfe2043b19abc,抖音,抖音（医药即时零售平台）
40c0fd3f50aa1eacf8d0124d48caf1ca,护士小鹿,护士小鹿（互联网 + 护理服务）
61a992ae6b41cdb427c822c08fa2e983,招商信诺,招商信诺（健康险产品
b2742ac81ebcc2ff0e89fd1ce264963e,拜耳,拜耳（药企线上渠道合作）
18f529a7016554a3233cbf7901a16be1,推想医疗,推想医疗 | 推想医疗（AI影像处理） | 推想医疗（InferRead系列）
2cf1e6cf0970a31541f19b9b4cfa8ca5,数坤科技,数坤科技 | 数坤科技（数坤坤多模态医疗健康大模型3.0）
2a0db1fede11b7aa7624cdc225e42d76,斯百瑞 micromme,斯百瑞 micromme（呼吸机）
df86657ce4650dedaea9a522418dc765,斯维诗,斯维诗（医药电商 B2C - 保健品销售） | 斯维诗（医药电商 O2O - 保健品销售）
80d4d6a3c93cd4f5066d2a277c185b36,新加坡大中堂,新加坡大中堂（被收购
2d58769e4271080487e47225cf417913,新华保险,新华保险（健康险产品
ad7444dbb500da0a5091c20e601f6205,新合力,新合力（第三方消毒供应）
b1df73da3beca47ae6029957b4cff2f4,新安堂,新安堂（中医诊所连锁）
8dc40b72c500841909507e65866f7879,方舟健客,方舟健客（互联网医院） | 方舟健客（减重管理） | 方舟健客（医药电商 B2C - 药品销售）
523d26848df43aa25b95ba6c845aa068,无双医疗,无双医疗（心脏起搏器） | 无双医疗（除颤器）
71a1f986d3fba8978783d15ded019877,星宸海医疗,星宸海医疗（一次性膀胱镜
7e082d4fa186b2c5d78855eb63fc8c45,星护到家,星护到家（互联网 + 护理服务）
c9d3df67bf4f86a64290a179b75c9884,映恩生物,映恩生物（双抗 ADC）
e924f429156fd63603a5b4b0ea17195a,晨兴,晨兴（南通）医疗器械有限公司（肺动脉血栓取出系统）
b6e7d78db111cc80d83ad90fd9e2127f,普悦科技,普悦科技（第三方消毒供应）
268cebb821977eae55f0e89b21007c88,普洛药业,普洛药业（大宗原料药）
d3bbc6bf9f996d43dce7979a0b67ddae,普瑞眼科,普瑞眼科（综合眼科集团）
a5cd4cb4a419400069456b2b6fc9f4ea,普瑞金,普瑞金（基因治疗）
7742b8273212f13f747a32dd6833e568,晶泰科技,晶泰科技（XpeedPlay平台） | 晶泰科技（小分子
ab159562d13e79fd6a1eba404afddb35,智云健康,智云健康（糖尿病管理）
369cb05614da24d5cc6604eb054d8f8f,智冉医疗,智冉医疗
3634d439b25774e716ca9ef0c13a202e,智峪生科,智峪生科（AI + 疫苗研发平台） | 智峪生科（AI + 疫苗研发） | 智峪生科（AI + 肿瘤疫苗研发） | 智峪生科（AI 蛋白质设计平台）
4bf080a488309a4c51137905a079511f,智翔金泰,智翔金泰（双特异性抗体）
bc23fe9d1bde95e835869ab11cb61f70,智飞生物,智飞生物（HPV 疫苗）
c83adaf52406e5faaa914c5452887bf7,暖哇科技,暖哇科技（保险科技平台
ce8d4c2c9073cb3ebc6f608023905ce7,暖阳医疗,暖阳医疗（血流导向密网支架）
3808fd2b5490a16b8bf59f8df55e4a36,有临医药,有临医药（数字化 CRO 服务）
47d68cd0f4c3e91a86d23afe8afccfb8,服务,服务）
29fdf6a85b957148968c126e4a867263,朝聚眼科,朝聚眼科（综合眼科集团）
6b8c3a0da6b21cdc613824b4ffda5a9c,木棉花生殖,木棉花生殖（生殖中心
c5a5ec84684d59b1e012c5abdb18d448,木棉花生殖与遗传医院,木棉花生殖与遗传医院（辅助生殖专科医院）
a6548d376891fd09b5009bd430984d72,木洁医疗,木洁医疗（第三方消毒供应）
8762a71b1df9010e17f1f841954d08c5,木衣博士,木衣博士（第三方消毒供应）
841686c4fd2746e07ad6ff22cb886035,未来医生,未来医生）
6b4121f228a0b28a0779135ffed5ae58,杰皓医疗,杰皓医疗（第三方消毒供应）
9f148794ac20ab06a661026acb503b01,柏康医疗,柏康医疗（第三方消毒供应）
c09e30c9826bccc654dbb744f4d4c6e7,核心医疗,核心医疗（心室辅助装置）
2cdaaf43e0a199d98c3db61307aca497,格尔护士,格尔护士（互联网 + 护理服务）
0ff3fadf3927e8c05b0c3b1b5cb75777,森松国际,森松国际（生物反应器
5449b345d6f0c30b2e7243b811446156,楚天科技,楚天科技（无菌制剂智能工厂方案） | 楚天科技（生物制药耗材
b1c37cde04d5d3283ef3cad0176c9d27,欧普康视,欧普康视（终端
41f93e4db3b476f39f320a1ba7376282,步长制药,步长制药（心脑血管类）
b752b12a6cc109ba9a8e1fa369293b3c,母婴护理,母婴护理）
f977c4588c548ea3472ef38ed2c971ab,水木分子,水木分子（ChatDD生物医药大模型）
f24beec70d92e5c94cc5912b1b1dae61,水滴保,水滴保（健康险产品
3926d0b3d7c215e61db19d8432be9c8c,汉诺医疗,汉诺医疗（ECMO）
ddf8943bc8f9876e3bf90ab9c93f9e48,江苏畅医达医疗科技有限公司,江苏畅医达医疗科技有限公司（颅内动脉瘤辅助栓塞支架）
69248cf6130fdf867e6d7b9c8f5bdf90,汤臣倍健,汤臣倍健（医药电商 B2C - 保健品销售） | 汤臣倍健（医药电商 O2O - 保健品销售） | 汤臣倍健（药企线上渠道合作）
7852cd8336a6b179912b94e2c09e657c,沃森生物,沃森生物（PCV13 疫苗）
024782f9db95788a941bcbdec6e4faaf,沙砾生物,沙砾生物（TIL 疗法）
53c7a9f4780b89e296b89c66159f6d85,波士顿科学,波士顿科学（外周旋切导管） | 波士顿科学（外周栓塞物） | 波士顿科学（外周球囊） | 波士顿科学（外周覆膜支架）
c770a8300665f336c7a66b2d3918c3a7,泰康口腔,泰康口腔（口腔诊所连锁）
5e4e2c82a1903beb388c84131e327154,泰康在线,泰康在线（健康险产品
7a5bfdd8fb5fe1a5457c265d7059f34f,泰格医药,泰格医药（临床 CRO）
c0086414543217a5108e498397ce87af,洁尔健,洁尔健（第三方消毒供应）
b66a114bb19de1fc0d10cbea7690d17f,洁菲医疗,洁菲医疗（第三方消毒供应）
b987c76257141cd4929ebac2b163c56f,洁诺医疗,洁诺医疗（第三方消毒供应）
1b8eeef7973ff60a801f494ffc2e762e,派格生物,派格生物（减重领域小分子药）
2f144a78e5db8485d5ab3ced2aabf793,浩博医药,浩博医药（乙肝治疗性疫苗）
860b874ad79c7f2072b4dd24a952f027,海外,海外）
b3d2a5b6358663c59adcdac3d34c67cc,海峰洁康,海峰洁康（第三方消毒供应）
d0fb78ec63e02bc56057fff1d0ba55bb,海泰新光,海泰新光（内窥镜核心部件）
c6a4b8494aacab5f9f7d0362be72d55a,海济生物,海济生物（重组蛋白）
0e83daa73eedf9d182646e9f762f369a,海王星辰,海王星辰（连锁药店）
69921f37666f445de19e0e51a1b41466,润达医疗,润达医疗（AI药师助手“阿桂药师”） | 润达医疗（CDSS） | 润达医疗（智慧化实验室服务与IVD产品） | 润达医疗（良医小慧大模型与CDSS）
12ad5c790444f88966c2faf90e73d8c9,淘宝,淘宝（小时达
833e75e34e8d9abe2a0888b47f78663f,淘宝网购,淘宝网购
9f8d7bc76d420d666f5d9d4d79602c18,淘宝闪购,淘宝闪购（医药即时零售平台 | 淘宝闪购（医药电商 O2O - 药品销售）
78e502fdcf0f0df7291f61db2018b0c0,深势科技,深势科技（AI 药物发现平台） | 深势科技（计算设计平台）
8bf53719642b34d3be98f6be733d2669,深圳迈微医疗科技有限公司,深圳迈微医疗科技有限公司（心脏脉冲电场消融导管）
912f4b9979ff295d156a6667b5b3ce96,深海豚安睡仪,深海豚安睡仪）
d5f2a207df0ac6139061182ab4994cdb,深睿医疗,深睿医疗（AI决策支持） | 深睿医疗（AI影像处理） | 深睿医疗（Deepwise TrioData X） | 深睿医疗（多模态智慧影像大模型）
c31e94baeb551221f39c86898c4b60fd,深纳普思,深纳普思（人工智能赋能的医疗级智能可穿戴设备）
b36ebda7f3099d9e0299ec6d10a9fd07,清华大学AIR,清华大学AIR（BioMedGPT-R1生物医药大模型）
4e08a97217a6359fbba57ee2814ffead,港药数字科技,港药数字科技（医药跨境供应链）
be2b292cc14b5c9f2af10cbff542ee71,湖南埃普特,湖南埃普特（外周球囊）
223be602267cdd512eb5f6d6509f68a4,漱玉平民,漱玉平民（医药电商 O2O - 药品销售） | 漱玉平民（连锁药店 O2O） | 漱玉平民（连锁药店）
40b2e7e9b9b3cec1c6e476fc80a7a12f,澳佳宝,澳佳宝（医药电商 B2C - 保健品销售）
d7fd86e1ba6b900f963aa38ef8e3faf4,澳华内镜,澳华内镜（4K超高清软镜）
3a411d34b84c3046921636f1f9e80aef,熙康云医院,熙康云医院（互联网 + 护理服务） | 熙康云医院（互联网医院）
4465750d071a2c4e7ea142f61754d79b,燃石医学,燃石医学（AI影像分析平台）
ed825a56be23c66ba1ae80b1f693bf79,燕喜堂,燕喜堂（连锁药店）
6a13b87abefc2f3fc1703b37438837a2,爱博诺德,爱博诺德（北京）医疗科技股份有限公司（人工晶状体）
ced15e92197faa9e228c0495ab4bbaa5,爱尔眼科,爱尔眼科（综合眼科集团）
7c90515e9d7a3ab02bcc96e96ffcbfbe,爱康国宾,爱康国宾（体检中心
7db9b13e2a277b0b36e6eb749ccb7f4f,爱朋医疗,爱朋医疗
90b0b4d80b0a67050bd5f871f61f93ee,特宝生物,特宝生物（细胞因子）
0bb88d03d2e0a5252e96d0f3c2bfbc4c,特药房,特药房）
dbea7c8a34acd6717d783b89f0398faa,环码生物,环码生物（AI 平台用于 RNA 药物研发）
5bfdf8712eff742747e035b7fedb9d95,理诺达 LivaNova,理诺达 LivaNova（ECMO）
130924dec6c848d95ec1d7e248f68dc0,理赔材料审核,理赔材料审核）
a2481f61f5a66ee58ef88b60124637a4,理邦 EDAN,理邦 EDAN（监护设备）
2c1291031cf620e993216c9b2939f95b,理邦仪器,理邦仪器（超声血管流量计）
e63cfae02d1f3dba72879eaeb3791471,瑞亿医疗,瑞亿医疗（外周血管内冲击波系统）
8a1f5c77206305eeff09ad2cf8dfadc3,瑞尔齿科,瑞尔齿科（口腔诊所连锁）
aebf223af0e30a50b928fa23fffe24b1,瑞思迈,瑞思迈（智能睡眠呼吸机）
91b63a3f40016a8ad118a5e89156318b,瑞慈医疗,瑞慈医疗（体检中心
56da4ed71297fbc4d952524d8490ab98,瑞桥鼎科,瑞桥鼎科（一次性导尿管）
1fa00c92e72ec74817640f13c598cf78,瑞浦消供,瑞浦消供（第三方消毒供应）
fbf958dd94caa5ea2a039502ece7c632,瑞迈特,瑞迈特（家用呼吸机） | 瑞迈特（家用无创呼吸机）
d3eabed24b744060c2bdf404c7422bfc,瓦里安,瓦里安（放射治疗设备）
3e19ee96e10e2b627d529d09cfa7ce33,甘草医生,甘草医生（中医诊所连锁）
9cb5a1e24ce55a9fdd2739974615beb1,男性健康管理,男性健康管理）
1640cce309c42cbd85ce647c8d6e20e0,病历质控,病历质控）
92aca9637db23855847ac0a3dd1cc192,白塔寺药店,白塔寺药店（中医诊所）
f1c220ff65e7403b544e43ed9c15e808,百图生科,百图生科（AI + 罕见病药物发现） | 百图生科（AI 药物研发平台）
ca821c52d0eeb6fd8fb6626c3de40bc0,百多力,百多力（心脏起搏器）
eb5ecb9665eeb8bc94efbca646cfb663,百川医疗,百川医疗（第三方消毒供应）
a3f4a5b080e2a4ef4a708b9c9f5ad003,百度,百度（CDSS）
3222bc165aebf7699ce00fa669f957d2,百度灵医,百度灵医（智能候诊与病历整理）
a2cc337f9154ca9b03235b64b52e4340,百济神州,百济神州（全球化临床开发）
bfb3f1f62b3f0cb4d1e7b01cd34e7321,百雀羚,百雀羚（合作医美服务） | 百雀羚（合作医美诊所
8a466fde8d2795deda1289bf5401c651,皓元医药,皓元医药（AI + 多肽药物发现平台） | 皓元医药（AI + 多肽药物设计）
d5b6ba121a463afb2fd99ae9085ef12a,皓元医药 & 迈威生物,皓元医药 & 迈威生物（AI + 新型 ADC 化合物库开发）
e2e587391d34d39137d51268dec21dfd,益丰药房,益丰药房（医美服务） | 益丰药房（医美诊所 | 益丰药房（医药电商 O2O - 药品销售） | 益丰药房（连锁药店 O2O） | 益丰药房（连锁药店）
fe4a33e110d2a9355259d5b7be19060f,益节,益节（医药电商 B2C - 保健品销售）
6af6d5ee0ee45e3f58d2f499ae5b0822,直观医疗,直观医疗（腔镜手术机器人）
d193425859d60dd0d6fd1ca7a779a9b7,石榴云医,石榴云医（互联网医院）
42e3a05710ae82d8215c38bd884d3101,石药集团,石药集团（mRNA 疫苗） | 石药集团（仿制药）
2db7fdfec49735991b39db3011fc18e8,硅基仿生,硅基仿生（CGM）
f6984495d7c59e1e7ac37eb3e8f9722e,碳硅智慧,碳硅智慧（AI 临床试验优化平台） | 碳硅智慧（AI 药物研发 SaaS 平台）
12ecb0abcde535668d165a26639d6ba9,礼来,礼来（药企线上渠道合作） | 礼来（髓系细胞衔接器 MCE）
1866e5142d4c27fb13b8318f1cc48c7b,神州医疗,神州医疗 | 神州医疗（AI城市大脑 | 神州医疗（SZ-CDM） | 神州医疗（儿童青少年肥胖AI大模型） | 神州医疗（医智方舟AI城市大脑） | 神州医疗（多模态数据治理） | 神州医疗（腹膜透析大模型
639a2ad445fcafb636f2bef21c400ecc,神州数码,神州数码
6dd5604374ca467c6dd36bbbfb215971,科亚医疗,科亚医疗
40f16077805c410a9169ff65fd8186da,科伦博泰,科伦博泰（ADC）
f174ff277ff40ad5ad6203d76dd98f0e,科利耳,科利耳（人工耳蜗）
86deae740db28e7d4314ff7af32ad431,科医人,科医人（医美激光设备）
07b43ab8fb5c2747bfdff19941c7fd1b,科曼 COMEN,科曼 COMEN（呼吸机） | 科曼 COMEN（监护设备） | 科曼 COMEN（麻醉机）
cecf4835263bbaa74cc53a0bc1e9645e,米锐,米锐（单孔手术机器人）
5e760c3b3ab5ab1356509de5175dc3db,精神,精神
dc4d24a49228ec090528ce2afa28c07e,精锋医疗,精锋医疗（腔镜手术机器人）
b41877e5d586b1b557850fd91ad9fe5e,糖尿病,糖尿病
8a8b895fcc504b75f45b6c8e4d15cc4d,系统,系统）
1e05b9b02f198a244058ea3c7658f14b,维伟思医疗,维伟思医疗（穿戴式自动体外除颤器（WCD）及自动体外除颤器（AED））
5b6ff07cec826042be19c9684a87d655,罗氏,罗氏（药企线上渠道合作）
19e8d0a0898e1838591242817095c4a6,罗氏诊断,罗氏诊断（罗e服掌上数字服务解决方案） | 罗氏诊断（罗e服掌上数字服务）
470c1cfc9a24ae08e90a9be6e598855f,美团,美团（互联网医院）
64c8fd9024a26c6d2a0500218728ce18,美团医药健康,美团医药健康（减重管理） | 美团医药健康（医药即时零售平台）
a220a5129029e6f746b0a9e41db51064,美好医疗,美好医疗（CGM组件） | 美好医疗（人工耳蜗组件代工） | 美好医疗（呼吸机组件代工）
12c67d0e047bbfe7e5fb9d79e175a6a5,美年健康,美年健康（AI数智健康管理） | 美年健康（体检中心 | 美年健康（体检大数据与AI分析）
d94d9fda6a1c390905e3898ca5ae1744,美康医药,美康医药（CDSS）
65099182e711fc5a0ca68dcdf716f3c0,美敦力,美敦力（心脏起搏器） | 美敦力（脊髓刺激装置） | 美敦力（脑起搏器） | 美敦力（除颤器）
b183e9934fa6ab16aa8e4cc7163c19c5,美维口腔,美维口腔（口腔诊所连锁）
f1171f3f6fb8bbd06e3e93e597950628,翔宇医疗,翔宇医疗 | 翔宇医疗（脑机接口康复机器人）
e129da170be11bec9ab0edd22eafa2c5,翰森制药,翰森制药（减重领域小分子药）
37f8dea22b2424ff5f7cfd0821dafa71,老百姓大药房,老百姓大药房（中医诊所连锁） | 老百姓大药房（中医诊所） | 老百姓大药房（医药电商 O2O - 药品销售） | 老百姓大药房（连锁药店 O2O） | 老百姓大药房（连锁药店）
b80fad7b083f54bd040bea57c3e254c2,老肯医疗,老肯医疗（第三方消毒供应）
c5780c54f66f2c4a090ef5ff61167da6,联影医疗,联影医疗（DSA） | 联影医疗（uAI平台） | 联影医疗（全身动态PET-CT） | 联影医疗（超声新品） | 联影医疗（高端CT） | 联影医疗（高端MR）
f401a6f6ca52c6731e20ef75d1512c2b,联影智能,联影智能 | 联影智能（AI决策支持） | 联影智能（AI影像处理） | 联影智能（AI手术计划） | 联影智能（设备+AI一体化生态）
20df80b626de7c410424f3e8f9bac879,联邦制药,联邦制药（减重领域小分子药）
e5d3dc7a02526e155933c3e374e91604,聚力康医疗,聚力康医疗（第三方消毒供应）
43bbc9b82b51e79bf89b628bab6e40a9,肿瘤管理,肿瘤管理）
ab1b862c8c936cfb5f6f2fd95dd72f90,脉得智能,脉得智能（甲状腺结节超声影像辅助诊断软件）
dc68e8f70f93c47da0ca3c3cab5b06cb,脑虎科技,脑虎科技（实时运动与汉语解码）
8284255d561e3e92dcdb4f457d453277,腾讯健康,腾讯健康（AI 智能体） | 腾讯健康（AI预问诊系统） | 腾讯健康（互联网医院）
1278d4ec979574d97973e8005b9c98c3,腾迈医药,腾迈医药（AI 蛋白质设计平台） | 腾迈医药（一站式 AI 赋能新药研发平台）
b3b8e6318d647f4187c344485e559bcf,芯智达,芯智达（北脑一号语言脑机接口） | 芯智达（北脑一号）
f46460bfcc62a9232f9efb4bf9223454,苏州杰成医疗科技有限公司,苏州杰成医疗科技有限公司（经导管主动脉瓣膜系统）
72045facd4857d6b512b2286769bbd2b,英伟达,英伟达（Evo2开源生物学AI大模型）
7a6900e561516c795fc0f0cbd81fcd59,英矽智能,英矽智能（AI驱动的药物研发与管线推进）
e6803e21b9c61f9ab3d04088638cecd2,苹果,苹果（Apple Watch） | 苹果（智能手表ECG
88b6d20728731953793c37b06557d2fc,药师帮,药师帮（医药电商 B2B）
2407808c1a5d06ae5d452498fe515269,药明巨诺,药明巨诺（CAR-T）
52c51f73f43363a3aad395d75c43aaf1,药明康德,药明康德（一体化 CRDMO）
91d9ca6b1168d056693a8906c9c6b785,药明生物,药明生物（AI 平台用于大分子药物研发）
4bde7b0f2f0158ff56272ab9e03dd278,莱芒生物,莱芒生物（AI 优化的代谢类药物） | 莱芒生物（代谢增强型细胞疗法）
6de8b1e23aa69743c285609978c05f11,萌鹰眼科,萌鹰眼科（垂直眼视光
db1c12bb64db73af47932bc8c623e8e9,蓝天口腔,蓝天口腔（口腔诊所连锁）
c36ad78d6fea2052c525bff037789235,蚂蚁集团,蚂蚁集团（AI 健康管家 AQ）
64d796c73372eb7a347d79e743bc1b61,血流导向装置微导管,血流导向装置微导管）
682c93f5d8e002644e69cc8715f67968,衍因科技,衍因科技（AI 智能体平台） | 衍因科技（AI 智能体）
2596b01782d977416181506febaf5d16,西门子医疗,西门子医疗（AI心血管超声系统） | 西门子医疗（前列腺癌磁共振图像辅助检测软件）
5c27e26b187d61471861e15f51711d92,西门子医疗 SIEMENS,西门子医疗 SIEMENS（DSA） | 西门子医疗 SIEMENS（MR） | 西门子医疗 SIEMENS（高端CT）
2197c7affe7ebb16b7553d3c7b1d54ac,讯飞医疗,讯飞医疗（AI影像平台） | 讯飞医疗（国家人工智能应用中试基地） | 讯飞医疗（星火医疗大模型全科 | 讯飞医疗（星火医疗大模型自动生成电子病历） | 讯飞医疗（星火医疗大模型） | 讯飞医疗（智医助理-基层赋能） | 讯飞医疗（讯飞晓医AI健康助手）
5331e61666b57b07afaaa46b25522085,讯飞医疗科技,讯飞医疗科技（CDSS与智医助理） | 讯飞医疗科技（CDSS）
f55f17362872c3cc83e6199e618c93d2,设备,设备）
c8e5b872dc2997e0397fe3cb1fcbccc7,诚益通,诚益通 | 诚益通（脑机接口康复设备） | 诚益通（非侵入式脑机接口硬件）
f376a80bbfd57d8a0fd5715e17ca723a,诺和诺德,诺和诺德（药企线上渠道合作）
250030beec8e986f4ec7d56a7fe13bfe,诺尔康,诺尔康（人工耳蜗）
beae5094846941ae20ceb01cc00ef304,诺特兰德,诺特兰德（医药电商 B2C - 保健品销售）
a11c3266b7f7927e51533c1b0359fd77,谊安 Aemmed,谊安 Aemmed（麻醉机）
5385e5fde7615e05319e5ac58307365d,贝瞳少儿眼科,贝瞳少儿眼科（垂直眼视光
c66622af86f870ef699b49d21438d8e2,质子科技,质子科技（穿戴式医疗级生命体征监测）
9a408f73177b6e8d48c80d1ec3878b98,费森尤斯 FRESENIUSSE,费森尤斯 FRESENIUSSE（ECMO）
13390bf54ef0de431c6126c16626e18f,赛博领航,赛博领航 | 赛博领航（AI疾病风险评估模型） | 赛博领航（检后数智健康管理）
1cdb6247ac59e9d01b0797047cbb8fe8,赛腾医疗,赛腾医疗（ECMO）
b123b78154dc66ea6de04073b3f12e40,赛诺医疗,赛诺医疗（颅内取栓支架） | 赛诺医疗（颅内药物洗脱支架）
1b8d697b9ee25541777a713f37c382a4,轻松健康,轻松健康（AI科普内容生成） | 轻松健康（Alcare大模型生态闭环） | 轻松健康（Alcare赋能科普创作） | 轻松健康（与险企共研产品） | 轻松健康（个性化慢病管理） | 轻松健康（为药企提供数字营销与RWS数据） | 轻松健康（心理健康指导师） | 轻松健康（数字综合保险服务）
b3aa0e044a70eba4523723986129aa5b,轻松健康集团,轻松健康集团（保险科技平台
af02f6cb256a9447188bec1b945ed85a,输尿管镜,输尿管镜）
ad2878e7bbe60c5b5c807d21f4656859,达嘉维康,达嘉维康（医美服务） | 达嘉维康（医美诊所
c4c32b48c1e488aa3e26c881c1c7527f,迈克医疗电子,迈克医疗电子（体外诊断设备）
4d81a9efbfc11dd630ff7dce06ccbf6c,迈威生物,迈威生物（AI 平台用于生物标志物发现）
e2b4f643027e7d88693b42d9d3c5d61c,迈柯唯 Maquet,迈柯唯 Maquet（ECMO）
21a50175e62e4406885ca9079c4ebf2f,迈瑞 Mindray,迈瑞 Mindray（医用内窥镜） | 迈瑞 Mindray（呼吸机） | 迈瑞 Mindray（生化分析仪器） | 迈瑞 Mindray（监护设备） | 迈瑞 Mindray（高端超声） | 迈瑞 Mindray（麻醉机）
217e79204f600f96d551b0eb57ac7cab,迈瑞医疗,迈瑞医疗（AI阅片与瑞影云++）
ad59ac9774ccd3899e7f6c7c82a447e1,运世达医疗集团,运世达医疗集团（生殖中心
c3d2fde10be1feaa5d27a7d453de16c3,迪安诊断,迪安诊断 | 迪安诊断（检验数据治理）
85a21fe32360ab8a9b5dc72605096e8e,透彻未来,透彻未来（病理大模型产品Thorough Insights）
066db787f9fb40d123bd02bccaa7e730,通用医疗 GEHC,通用医疗 GEHC（DSA） | 通用医疗 GEHC（MR） | 通用医疗 GEHC（超声影像诊断设备） | 通用医疗 GEHC（高端CT） | 通用医疗 GEHC（麻醉机）
315da1cbbd4e648918b6224cf453ff20,通策医疗,通策医疗（口腔诊所连锁）
573b59cc4b660926962e86198cf01d25,邦耀生物,邦耀生物（通用型 CAR-T）
82bf3a77d77d9091c32d2ea1f797e4bb,部分减重管理业务,部分减重管理业务）
8128dadacb0a3f98b681237514b6a875,金域医学,金域医学（医检大数据与AI治理） | 金域医学（第三方实验室检测服务）
0a07e65790134fda1fcff5440caf86f8,金洁医疗,金洁医疗（第三方消毒供应）
81fadee4f831e35f877cc796590ef5ac,金牌护士,金牌护士（互联网 + 护理服务）
6a0e0057e843c21677670d87f8ffb8db,鑫晨医疗,鑫晨医疗（第三方消毒供应）
28f551f08bf1f2d34d90b87cb88a9dce,银诺医药,银诺医药（药企线上渠道合作）
7c5afea576c4be900ab21dce669de78d,锦欣生殖,锦欣生殖（生殖中心 | 锦欣生殖（辅助生殖专科医院）
15d2991489b3e0a18c631ced8da524c3,镁信健康,镁信健康（保险科技平台
103cf2255c43e5379d166cfeb08886dd,长春高新,长春高新（生长激素）
8c6f07912678491d1788e8fa6ef84864,门诊,门诊）
84feb5041093447a773235682d0eb04d,阶梯医疗,阶梯医疗（HNE超柔性微纳电极）
c88149052593e33a04bc09edb39214b9,阿斯利康,阿斯利康（药企线上渠道合作）
d1024a0b12c7c0882ac930d243d64de2,阿里健康,阿里健康（互联网医院） | 阿里健康（减重管理） | 阿里健康（医药电商 B2C - 药品销售）
76cf30b268315ce196715f297ac9adf0,雅培,雅培（外周支架）
53214b4976fc79c6feb19fe333379373,青民数科,青民数科（保险科技平台
843a4471b073d0bb413e9fb9281cf474,青石永凭,青石永凭（神经调控植入物）
6e8068998f7d91875316d804f0add256,颅内支撑导管,颅内支撑导管）
268a30a43fba2195d1f5667d3c9d2ad1,颅内支架,颅内支架）
3f9381fcc13ce0b8efef9ee19964380b,飞依诺 VINNO,飞依诺 VINNO（超声影像诊断设备）
cf07c3e48fa617f87a382bb9dc3a581b,飞利浦,飞利浦（AI心脏成像）
a1edd54c1b45416077ffc50a3abaee5e,飞利浦 PHILIPS,飞利浦 PHILIPS（DSA） | 飞利浦 PHILIPS（MR） | 飞利浦 PHILIPS（超声影像诊断设备） | 飞利浦 PHILIPS（高端CT）
dc47280b595ea347ed0cbca21a3f8c0f,饿了么,饿了么（医药即时零售平台）
aee9d43d073ba82daed17b02745778b8,马泷齿科,马泷齿科（口腔诊所连锁）
bedb48e4c8124245643d6ae9004b1850,驯鹿生物,驯鹿生物（体内 CAR-T）
0aa6cb100fbb1a09ea5a47103a650f3e,骨科与肌肉健康数字疗法,骨科与肌肉健康数字疗法）
d7f5cac5f3cd0f711183a7bfceada0be,高血压等慢病管理,高血压等慢病管理）
ff57dfe3014cb9a8533685fbb0f94b1b,魅丽华叶,魅丽华叶（肾动脉射频消融）
dc1cedcf7aacb2155aa07ba914195579,鱼跃凯立特,鱼跃凯立特（CGM）
74a12784fd17590a3b4e2e1a604bf7ec,鱼跃医疗,鱼跃医疗（CGM） | 鱼跃医疗（制氧机 | 鱼跃医疗（医药电商 B2C - 医疗器械销售） | 鱼跃医疗（医药电商 O2O - 医疗器械销售） | 鱼跃医疗（家用呼吸机） | 鱼跃医疗（电子血压计）
f9df5fdf6eeb08da7d211ab42204d991,鲸弘医疗,鲸弘医疗（第三方消毒供应）
b0427fa0ac910dac882a2f36e52b236e,鹰瞳科技,鹰瞳科技（AIFUNDUS） | 鹰瞳科技（Airdoc视网膜影像分析） | 鹰瞳科技（远程视网膜检测）
905588ebaaa04c80a483dd08dff6c726,麦澜德,麦澜德（脑机接口康复系统）
